{
    "era": [
        0,
        1,
        2,
        3,
        4,
        5,
        6,
        7,
        8,
        9,
        10,
        11,
        12,
        13,
        14,
        15,
        16,
        17,
        18,
        19,
        20,
        21,
        22,
        23,
        24,
        25,
        26,
        27,
        28,
        29,
        30,
        31,
        32
    ],
    "reward": [
        50,
        25,
        12.5,
        6.25,
        3.125,
        1.5625,
        0.78125,
        0.390625,
        0.1953125,
        0.09765625,
        0.048828125,
        0.0244140625,
        0.01220703125,
        0.006103515625,
        0.0030517578125,
        0.00152587890625,
        0.000762939453125,
        0.0003814697265625,
        0.00019073486328125,
        0.000095367431640625,
        0.0000476837158203125,
        0.00002384185791015625,
        0.000011920928955078125,
        0.0000059604644775390625,
        0.0000029802322387695312,
        0.0000014901161193847656,
        7.450580596923828e-7,
        3.725290298461914e-7,
        1.862645149230957e-7,
        9.313225746154785e-8,
        4.6566128730773926e-8,
        2.3283064365386963e-8,
        1.1641532182693481e-8
    ],
    "blocks": [
        1,
        2,
        3,
        4,
        5,
        6,
        7,
        8,
        9,
        10,
        11,
        12,
        13,
        14,
        15,
        16,
        17,
        18,
        19,
        20,
        21,
        22,
        23,
        24,
        25,
        26,
        27,
        28,
        29,
        30,
        31,
        32,
        33
    ],
    "rewardPerBlock": [
        50,
        25,
        12.5,
        6.25,
        3.125,
        1.5625,
        0.78125,
        0.390625,
        0.1953125,
        0.09765625,
        0.048828125,
        0.0244140625,
        0.01220703125,
        0.006103515625,
        0.0030517578125,
        0.00152587890625,
        0.000762939453125,
        0.0003814697265625,
        0.00019073486328125,
        0.000095367431640625,
        0.0000476837158203125,
        0.00002384185791015625,
        0.000011920928955078125,
        0.0000059604644775390625,
        0.0000029802322387695312,
        0.0000014901161193847656,
        7.450580596923828e-7,
        3.725290298461914e-7,
        1.862645149230957e-7,
        9.313225746154785e-8,
        4.6566128730773926e-8,
        2.3283064365386963e-8,
        1.1641532182693481e-8
    ],
    "sumBlocks": 33,
    "sumReward": 99.99999998835847,
    "intervalChangeEraBlock": 1,
    "totalEra": 32,
    "totalBlocks": 34
}