{
    "era": [
        0,
        1,
        2,
        3,
        4,
        5,
        6,
        7,
        8,
        9,
        10,
        11,
        12
    ],
    "reward": [
        50,
        25,
        12.5,
        6.25,
        3.125,
        1.5625,
        0.78125,
        0.390625,
        0.1953125,
        0.09765625,
        0.048828125,
        0.0244140625,
        0.01220703125
    ],
    "blocks": [
        1,
        2,
        3,
        4,
        5,
        6,
        7,
        8,
        9,
        10,
        11,
        12,
        13
    ],
    "rewardPerBlock": [
        50,
        25,
        12.5,
        6.25,
        3.125,
        1.5625,
        0.78125,
        0.390625,
        0.1953125,
        0.09765625,
        0.048828125,
        0.0244140625,
        0.01220703125
    ],
    "rewardPerBlockInt": [
        5000,
        2500,
        1250,
        625,
        312,
        156,
        78,
        39,
        19,
        9,
        4,
        2,
        1
    ],
    "sumBlocks": 13,
    "sumReward": 99.98779296875,
    "intervalChangeEraBlock": 1,
    "totalEra": 12
}